Depth,Palette Size,Accuracy
8.0,512.0,0.8545454545454545
8.0,256.0,0.8727272727272727
8.0,64.0,0.8909090909090909
6.0,512.0,0.8545454545454545
6.0,256.0,0.8727272727272727
6.0,64.0,0.8909090909090909
4.0,512.0,0.8545454545454545
4.0,256.0,0.8545454545454545
4.0,64.0,0.8909090909090909
